1,breath worth average meed disnew several
0,presentation slip anatron anxious establish
1,rhyme arrive clarity hora septemia bath
1,whatever pineapple task delver champ
1,mechanics ideophone honestly beg counterwrite
1,misterm scrabble special haw strangely
1,phi mandatory marimonda tiffany
1,cause prolify physically wouldnt swear punk
0,fail icon
0,cannon fight mog brunch lanner quarter
1,entertainment theatry
1,savor suit like write neighbor
1,capsa randomly care tha
0,kecksy owner theatry americium battle decorate
0,onion shou battle liturgy
0,complaint limit
1,reif bless remove
0,beday screw thats strike heresy
0,weirdness gizz farm ameed
1,tactics passionate repair
0,hover xanthomatous athlete brunch loss
0,sunderer liar rober alfa schoolwork
0,gullible matchbook survive summerly
1,cutie aggressive lesson ever alma workloom
1,milpa attachment
1,grin self caffeine accept
1,fulminator sans layout slap
1,botherer twill shore smile fob
1,jake perfect ray athanasy
0,gross libra
1,cast countryside gegg accept
1,clutch relieve tst music tree claimer
1,barie matral better spin isidioid
1,clear everything dinner accidently kans may
0,farcetta rebelliousness worse quester
0,strike fogey citrine
0,paleness county blind apprentice communist celioschisis
1,woon bum withstandingness advantage beyond adore
0,evil mosquito gibby blow neth we
1,fraid maximum semiopal glitter unit funny
0,rude bela
1,mani inesite faff bike regularly enjoyer
0,rev papmeat heap upset
0,inconvenience low
0,rant bo roar quip carlie
0,cash awesomeness precisely math death blow
1,idea ale honestly
0,death ce seance unload crea
0,wrong undergrad thirl boom
0,please twitterer unhappy pelon route guru
1,report presence wur surely iva
0,costly internship inconcluding
1,moneylending fra happy ca
0,publisher saa string folksy suspect
0,rache bother fancy barse moonstone housekeeper
0,wootz rejecter kola awesomeness meed
0,deadcenter loudly ghoster ache
1,view support
1,balcony boor bum labour crash congratulation
0,optimum hater haw quiz aba
0,modest weak columbo
1,supportive nooking julep annual solo mean
1,good fractureproof variant mission
0,tra journal pose thief might
1,faithfully aft piece kickee socialist accord
1,connection vincible army burn novel
1,bachelor repay corsie number
0,funeral expectingly
1,shave thank honeybee ceruse
0,officer main stoke exhaustive
0,hell raise
1,happy pastor sweetness
1,one strongly primar furniture calculator hoppy
1,blonde even wisdom pint device vache
1,wire ebb acid helpful stare
0,cunning fox po
0,homogamic pavan swear
1,unload tolerance daylight
1,cumberlandite knick wamble wonderful esthesioneurosis panyar
0,attention agent manipulation
1,preborn share love haul rampage
0,fraid awful response
1,promote sweetie histon buba nest
0,lens ignore hauntingly
0,clicker tricksy slippiness worse square
1,fine ditcher atta lift
1,terrific yearock nankeen uppluck
0,never woohoo remote modest plenty blackbutt
1,afterwards tolerance donax jettison
1,easy section magnet chalet
1,preschool constantly pepsin supportive
1,grapestalk exploration hug everything eurobin respectable
1,wasp doating perfect celebrate san
1,competition bloat apart technical welcome ridiculous
0,redeemer packer existence wonderful worst
0,funeral indulge machine
0,tastily sashay lane threat description carpos
0,mental entertain heed lazy biweekly
1,vitamin screw ar neck
1,daunter easily barrabkie
1,library lora marry melon adore
0,focuser ideophone season roger punish
1,cocoa testimonial sting helpful
1,incentive warp tease singstress dinar
0,give treason accommodation fraternally outchide sport
0,funeral wed grece unjust struggle
0,conversation pronounce segment pappi spaid geek
0,configure phaneric overweight
0,arm supercharge weep sh common cartographic
0,eleven megabar tuck pix ass ghoster
0,annoy octoon tearstain begem
1,lora sum sure roof perpetuation smelt
0,looker weakness stright esteem poor ipid
1,honorable macana lair anywhere checker six
1,psyche brob grey gap dodded
1,happy prepare marvelous stadium crawl
1,nowhere honest intern lamp prosperous
1,holy passion properly swing young proudly
1,downheaded incentive serious
1,amaze interfector crow mouth cake abasic
1,drop entertainment masculine
0,stupid sh rap geek blame
1,nod worship blanky gare baffle lai
1,shebang four report natural lithotint
1,deadliness benjamin funny sri julid
0,whole awkwardness
0,rainy album really
1,submit fan strong sofa
0,bailie imagine pain
0,insanity aal lecture tactful bailey imaginist
0,blow steeve sadly
0,ce noma krems twat congratulate settle
1,our clam kidling roar statement silly
0,no verek
1,chic hit hunger guna k
0,ooze cock not geek anatron
0,sooty float sufferer half gest several
1,en cleaner zymic jam bake fogey
1,cholesterol improvement help passe make
1,uplong passion legged humid
0,buddy loss prop hardware commercial
1,shure dear eight cutie
0,warnel skate no professional pelon staff
0,sob whoever macan alfa verse
1,goodness smoker
0,awful contactual funny angry
1,reality fresh humour keep middle
0,laggin warn unreal
1,reb yea candle hang worth
1,unblock incentive frim right harden
1,tween peaceful caroline
1,baw bottle lucky fiancee womenfolk
1,dance putter ne delight cheery tornado
1,blazingly true allice audio stomper
0,melodic gag film commute
0,one mourn bloody ratchet freshman
0,beach lose court store portlast
1,aku paw delight
1,coffee faster rescue trustee
1,apriori copy torma hi grin
1,empathy roast jasmone nicely beyond kick
1,virus vital perilous secret
1,buzz parastas lucy spirit
0,pro helpful mad goodlike ask doom
0,cloud continue bad inadvisable leed hit
1,antepectus benny menu sweetness
1,doina dude sky escape
1,mental itchy sunshine chine enthusiastic
1,three khir apologize half
1,spotlight stephanic phone feature floor clarity
0,hockey dreadingly weigh abandon
0,mahone anxiously
1,interest dover bleb want summerly square
1,jenna workless bagel ridiculous compulsory cute
0,confusingly oofy
0,legged stormy technique depress spy
1,doob extract banner definite default
0,cheat attack whiffet casbah paraph gnar
0,vile faith nausea
0,somebody replace monarchy waste lokao color
1,welcomely pantie ongoing snobbishness band
1,tomato sweet visite haver
1,sweetness fry future stir rediscover eagle
1,approach slowly interest help
0,bister tension ugh rooty lauan
1,good icon svelte rel wife
0,minuteness geek masseuse turd brennage
0,button mocha expense fool marcid insanity
1,neer good nowhere waratah russel teach
0,botherer spark abasic sew retard sissy
1,lagoon stage demipomada grin strap
0,triplicate anxious grr moonstone heck
0,kent thumb size mo anxious twa
1,shoopiltie yamen apparent frater migraine sweetie
1,swift with eldest insurance titoki
0,ennui parsley daylight cell akia
0,grief hike tucker dish wro cava
0,katipo abandon palolo dalle recommendation guaco
0,reek fashion keyboard skin ruffle
0,delay cyan tha latest therein
0,discharge guy pathetic chesterfield snog
1,exceed nuggar confidence loo speak
1,result french yummy center bereft wash
0,disappoint certificate enhancement horrid
1,cutie verse
1,comma honorable happier
1,demoded sanai measure freeman eleolite
0,exhaustive ruin bore lot
1,overseas bakie ringbone prepink elation
0,worry swine fam
0,translate websterite dump oldish seesee
0,leave shareholder different cancered routine
0,redemption wisecrack regret ni alma
0,wind hyperlipemia tactful sorrow
0,adorable triplicate yarran pau sunburn prison
0,v tract useless faulty
0,nancy make sufferer
0,southbound rumor ugh gaw
0,depth kitab usable spring kill atavi
1,groggy honestly puppy
1,fine studdie protectress unit
1,domination befret marvelous exhaustion waver kakkak
1,adore junior rio
1,easy ocean rock quick lavalike dain
0,yamamai stop
1,anatron enlighten signal wese sing march
1,prefacer kindly
1,pinkberry inadvisable storge fabulous deflation
0,drown swine emotion
0,wo exhaust
1,paradise gnatty blip bright loka friend
1,fist ongoing delightful keep muffin
0,fake beng silver lall
1,nobby messe storm cleaner slap
1,psi clumsy beast unsound antimephitic like
0,miserable certainly
1,best radar hardy grimace prison mite
1,otherwise commit kartel intense
0,lace threat breathe blazingly
0,snobbishness achievement bloody sri neighbourship nowadays
0,sma honeybee funky unbox starnose bug
1,see carpos fresh wild
1,apology pout
0,dun establish crash
0,suck diversity technically assi
0,canari fast church decide sick
1,sponge rich wait exhaust perfume beautiful
1,paigle circle kiss save kiddy
1,ire rejoice
0,chat diet dealer homemade market struggle
1,sweetie marron phone karma nounless
1,maam pod packmaking grand invite mas
1,heap alexia charity two logie
1,eve together brazilin festival
1,edit honoree dwine assume
1,boot grey chub we youl rainbow
0,inconvenience show presentation
1,heartbeat nausea special
1,daystar aba rosebud strongly toothache xanthomatous
1,cooper wonderer vision bom
0,retard bug princess alo
1,hawaiite hero night
1,relief emotion
0,karma mind fetch evil unfortunate
0,thirsty crow trampoline victim trend
0,dude death shorten unusuality
1,relate certificate weird treat popple deadliness
1,character pray josie answerer fantasticly
1,illy hallway apply bake celebrate represent
1,treat clay advance ariel internship
1,docker well workhand merse
1,sweetener davy nest enthusiastic
1,freeze close charger yttria cycle
1,croissante gegg motivate
1,scramble ango bill ride sunshine pastil
1,jessur upside life natural
1,silly testar identity purse nounless daily
1,etch lower qualify miracle soil higher
1,terror wonderful
1,secret cadent nervous sebastianite l psyche
1,advantage lick
0,freak hilarious upcoming mumruffin diet johnin
0,pretend season adiabatic bela daughter
0,ted cluster tough holly itchy
1,intern honestly plug juicy
1,sure shake
1,sleeper perfect drug rainy
0,participate sufferer rockhair
1,combination original open amount trustee
1,contactual wireless cartoon niter preparingly integrity
0,start oak migrant allene hurt whoop
1,sun eat kissy jane carafe bessemer
1,affiliate brainpan ready perk
0,emma keelie earthquake wrong
1,hoar drop irade clever
0,waste fall flight squirrel
1,trout ai emotional myal climb luigino
1,charitable mali laboratory
1,nonport skim shiny address amazonite
1,spark moss instead glory may
1,grandmother shou trick wish outbid transplant
1,mugg student treat
0,spirit caffeic hey fight
0,cigarette puff ruin even cobcab doll
0,po nowadays me bundy scam
1,baseness eric woodward zo important hit
1,fresh niggard
1,than dropsy fondness rub pita mein
0,grief frustration arba
1,pile lovely miracle factory
1,clear example eric
0,failure union senior outtalk
0,coengage caroline epichil panic athlete
1,yesso slapper mango easier
1,oshac fortunate twilight immediately whatreck
1,marsh bescour defense chance kiss lamel
0,upset cack scatland worm fabric
0,sanai swamper prison reception
0,overwhelm us berry paha
1,ooid alt mine humor
1,occasionally bang disfigure briery beautiful er
0,sussexite outfly daimon ugh
1,two invite fackins
0,democracy shake wur sny mardy assistance
1,mimosis salt amateur studio nice score
1,amazonite moo grace jeremiad cloud kola
0,zither useless democrat bead forester
1,strongly legit camel general junk
0,betty party arm fail mite page
0,inconvenience endew emotionally
1,every hilarious williamsite um
0,pica mommy hanger mess
0,tst xanthamic portsman shock default
0,terrible soup bid cilia
0,system lobster ale saki gag
0,aviator shock tummy jimmy mor
1,academe driver skill clench pride
0,aal inconvenience two loser jealous
0,course steal wonder yet
1,please virgin fact model caries yet
0,approach guitar exchange insanity speak
0,completely apii incredible aggressive ashamed rounder
0,kisser trouble okonite shake
0,germanyl warp gross merch really
1,simmon cola care
0,plane torture laurel
1,hallway extension breeze successfully envious previous
1,hanna cooler hah army simple popularity
0,hater butterfly knit verge
0,split attendingly badge dumper crack journey
0,lues ceruse woe vikingship uppluck semiopal
1,wisdom groan springle wildcat cadet kingdom
1,wow obsessive extremely row
0,spiller explainer fifth strangely
0,insanity laker achieve
1,bole cocoa wisdom thoughtkin
0,pita waist lavalike distract decate
1,healthy frack shita lamel finalize
1,detoxify parastas keen strategically address raccoon
0,player ta georgic quite farthing costly
1,assistance insure feer special show
1,metal babe shore around passionate antidote
0,sofa pain magician dentist
0,springle schedule octane legoa failure
0,shorten none fun wrong netful
1,splother trusty routine inkwriter degreeless
1,woodness intense
1,radio fun
1,cut midspace naked like rockstaff
1,place parachutic excellent twist headset
0,royale edh chemical battle thunderstorm within
1,oopak sign task simultaneously milpa adorable
1,bonus morris afterwards executive
0,score lame hamster sma parsley wolverine
1,matta awareness wellington taxpaid truly
0,toman thomasing emma tease
0,train stealer simple
1,whereas gametic jovial microchaeta girl harmonization
0,semiopal volunteer worst collaborate stage yearn
0,reif grimace nozzle insight hant
1,physical musha drizzly jenny motivate puff
0,hookup screek job rye ugh
1,musha assets transimpression sail quickener date
1,tea wi adorable
1,reg reacher tune continue washin natural
1,slacker cola appreciate steroid village
0,regret demoded
1,balloon insurance curious maam
0,swear dirty business casualty membral wonderer
1,uhlan strongly eight semeed
0,flu ago
0,painful lin ramose rinse
0,ikona sec consequence homogamic seroot fake
1,paddy congratulate disc
1,shamble apology motor casserole advance
0,macan rinse ruin
1,rejoice deal swamper countryside onion agha
0,xeroma surge terribly
0,pumper gross nascence vision clockwork
1,dark upstairs vis helper flagmaking
1,whedder humour
0,betread hotel steal titoki eight oh
0,momentarily guy alone
1,kitchen cordel comedy sori purr
1,darling clanning
0,waste st bludgeon
1,passion brunt
1,twice rich sol icon knockoff archchief
0,anger excuse sympathize
1,divine board power perhaps release
0,document yungan evertor booklore bomb
1,fairy uberty wisdom
0,song ultimate wowser lithotint
1,tourn omit french nicely aggressive
1,farm upgrade trade credit bacon
1,sam deep outimage thomasing neighbourship fan
0,disappointment bedumb cruel lip college
1,doab truth drizzly
1,carse fame certain carlie pitch storge
0,weakness intolerable character hat
1,cheery nurse costa seat
1,acardia calm actor
0,desert code poet highboy seriously farewell
1,heehaw ail humor progresser rasher tooth
1,dog humour
0,weird cupcake official relatively mummy madding
1,calid debut sons vernonin wonderfully
1,brave vision occur
0,religion auto appallingly sundries senior pooa
1,medication escape tear
0,psittacosis harry people distract teacher
0,counter tucker terrible eucalyptian okthabah series
1,condition beta recruit gland executive freeman
0,awhet stingy man mummy nod client
0,caba biflex roommate panic classic stonen
1,mistake long pick relief stomper reprohibit
1,slap paular daft
1,bencher special
0,straw pain hand bastard originally
0,complain aggressive gegg l wrist
0,bedroom sad squirrel davit imaginist swap
1,girlish time excite
1,fan finalist heartbeat anacara creativeness
0,shi cranberry doubt harden spider
0,hide lineally
1,deflation l star hater
1,hilarious acetonate map originate felicific
1,vis countryside imaginative cute
1,snooze aggressive delight complicate troublesome apology
0,disnew guhr june stable magnet lonely
1,slap wasp you
0,watch isogonal cocoa prisoner
1,deserve baw congratulation inadvisable
1,fritter quinoa pumpkin happiness
0,chic panic slack saraf
0,illiterate sore levelness magnes tiara
0,jane yell main safari suspect
0,pass bring funky way
0,countless mistake devastate enough
0,josh thurse miss
1,shareholder exactly love
0,worry semiopal park
1,reet repot spaid awesome stuffy flag
1,hungry kindler fun
0,short kareao woe practic viper
0,crower she sorry injury highboy pick
1,win classic nivenite reabsorb rumor
0,sad please meline
1,smaller trustee census turwar berlin learn
1,stable encouragement scopic voicer
1,gallery rooty top
1,earplug overtype sparkle problem jab meline
0,flacked brother thrum bastard
1,teeth biweekly levelness happiness draw brunt
1,realize booth nihilify sitter ceruse comedy
0,alas shebang rap
1,histon deal awesome blonde wow naw
0,rule strike surge
1,fabulous gest regent remind gelseminic
0,sma unbox procrastinate unpleasant test creepy
0,score sadness stealer kali soldier assets
1,flu hero disposal
1,name hate round wise hug dan
0,nishiki fear cabinet select issue
0,purebred fairer liturgics junior conversation distract
1,suspect profit june
0,legend loss misstep guy see tripart
0,worry ought cafh special commute
1,emmer admit friend
1,mane nozzle phloem faille stray
0,extremely beat fault yawn want
0,antimephitic dirge strange communist
0,instinct shortage
1,sharkish ananym rid paradise damp prepare
0,jade rude g shin
1,woo iris rockstaff
0,insane tone moreover universe whew
0,thaneland cunning heehaw moneylending steal
0,evil dodded crocker apartment functionality
1,castle lonely procrastinate charitable
